CHROM,START,END,LENGTH,TYPE,GROUP
Chr1,2088800,2088995,195,DEL,YM165_JF109
Chr1,126666,127034,368,DEL,YM165_JF109
Chr1,82504,82600,96,DEL,YM165_JF109
Chr1,50791,50922,131,DEL,YM165_JF109
Chr1,43359,43481,122,DEL,YM165_JF109
Chr1,2193718,NA,NA,BND,YM165_JF109
Chr1,2176233,NA,NA,BND,YM165_JF109
Chr1,2154220,NA,NA,BND,YM165_JF109
Chr1,2147258,NA,NA,BND,YM165_JF109
Chr1,148312,NA,NA,BND,YM165_JF109
Chr1,114107,NA,NA,BND,YM165_JF109
Chr1,114100,NA,NA,BND,YM165_JF109
Chr1,114090,NA,NA,BND,YM165_JF109
Chr1,113934,NA,NA,BND,YM165_JF109
Chr1,113932,NA,NA,BND,YM165_JF109
Chr1,34203,NA,NA,BND,YM165_JF109
Chr2,2076825,2078496,1671,DEL,YM165_JF109
Chr2,2072308,2072446,138,DEL,YM165_JF109
Chr2,1965265,1965390,125,DEL,YM165_JF109
Chr2,84730,85027,297,DEL,YM165_JF109
Chr2,74823,74973,150,DEL,YM165_JF109
Chr2,2166188,NA,NA,BND,YM165_JF109
Chr2,2164749,NA,NA,BND,YM165_JF109
Chr2,2160661,NA,NA,BND,YM165_JF109
Chr2,2113620,NA,NA,BND,YM165_JF109
Chr2,2030375,NA,NA,BND,YM165_JF109
Chr2,2030375,NA,NA,BND,YM165_JF109
Chr2,2005999,NA,NA,BND,YM165_JF109
Chr2,2005793,NA,NA,BND,YM165_JF109
Chr2,12393,NA,NA,BND,YM165_JF109
Chr2,12112,NA,NA,BND,YM165_JF109
Chr2,12111,NA,NA,BND,YM165_JF109
Chr3,1813171,1813375,204,INV,YM165_JF109
Chr3,1919373,1919463,90,DEL,YM165_JF109
Chr3,1828964,1829070,106,DEL,YM165_JF109
Chr3,253912,254059,147,DEL,YM165_JF109
Chr3,155743,155806,63,DEL,YM165_JF109
Chr3,1963636,NA,NA,BND,YM165_JF109
Chr3,1963135,NA,NA,BND,YM165_JF109
Chr3,1963081,NA,NA,BND,YM165_JF109
Chr3,1963066,NA,NA,BND,YM165_JF109
Chr3,1918174,NA,NA,BND,YM165_JF109
Chr3,1896054,NA,NA,BND,YM165_JF109
Chr3,1891219,NA,NA,BND,YM165_JF109
Chr3,1850042,NA,NA,BND,YM165_JF109
Chr3,1849223,NA,NA,BND,YM165_JF109
Chr3,1813644,NA,NA,BND,YM165_JF109
Chr3,1813643,NA,NA,BND,YM165_JF109
Chr3,1813601,NA,NA,BND,YM165_JF109
Chr3,1813601,NA,NA,BND,YM165_JF109
Chr3,358017,NA,NA,BND,YM165_JF109
Chr3,358009,NA,NA,BND,YM165_JF109
Chr3,356430,NA,NA,BND,YM165_JF109
Chr3,356365,NA,NA,BND,YM165_JF109
Chr3,355311,NA,NA,BND,YM165_JF109
Chr3,355274,NA,NA,BND,YM165_JF109
Chr3,354660,NA,NA,BND,YM165_JF109
Chr3,319464,NA,NA,BND,YM165_JF109
Chr3,319368,NA,NA,BND,YM165_JF109
Chr3,153318,NA,NA,BND,YM165_JF109
Chr3,153137,NA,NA,BND,YM165_JF109
Chr3,151692,NA,NA,BND,YM165_JF109
Chr3,151230,NA,NA,BND,YM165_JF109
Chr3,140083,NA,NA,BND,YM165_JF109
Chr3,140083,NA,NA,BND,YM165_JF109
Chr3,140083,NA,NA,BND,YM165_JF109
Chr3,50430,NA,NA,BND,YM165_JF109
Chr3,15785,NA,NA,BND,YM165_JF109
Chr4,1739308,NA,NA,BND,YM165_JF109
Chr4,1738529,NA,NA,BND,YM165_JF109
Chr4,1738500,NA,NA,BND,YM165_JF109
Chr4,1738099,NA,NA,BND,YM165_JF109
Chr4,1738019,NA,NA,BND,YM165_JF109
Chr4,1737874,NA,NA,BND,YM165_JF109
Chr4,1735947,NA,NA,BND,YM165_JF109
Chr4,1735947,NA,NA,BND,YM165_JF109
Chr4,1735947,NA,NA,BND,YM165_JF109
Chr4,1709943,NA,NA,BND,YM165_JF109
Chr4,1709822,NA,NA,BND,YM165_JF109
Chr4,1709585,NA,NA,BND,YM165_JF109
Chr4,1709543,NA,NA,BND,YM165_JF109
Chr4,1707189,NA,NA,BND,YM165_JF109
Chr4,1705928,NA,NA,BND,YM165_JF109
Chr4,3115,NA,NA,BND,YM165_JF109
Chr4,3097,NA,NA,BND,YM165_JF109
Chr4,3097,NA,NA,BND,YM165_JF109
Chr5,1300420,1300811,391,DEL,YM165_JF109
Chr5,1276095,1276227,132,DEL,YM165_JF109
Chr5,1056045,1056131,86,DEL,YM165_JF109
Chr5,1001211,1001292,81,DEL,YM165_JF109
Chr5,918323,918407,84,DEL,YM165_JF109
Chr5,868457,868758,301,DEL,YM165_JF109
Chr5,836952,837037,85,DEL,YM165_JF109
Chr5,775538,775899,361,DEL,YM165_JF109
Chr5,763636,763718,82,DEL,YM165_JF109
Chr5,664926,665122,196,DEL,YM165_JF109
Chr5,492179,492276,97,DEL,YM165_JF109
Chr5,488283,488460,177,DEL,YM165_JF109
Chr5,366740,366855,115,DEL,YM165_JF109
Chr5,112406,112459,53,DEL,YM165_JF109
Chr5,31946,32009,63,DEL,YM165_JF109
Chr5,1312723,NA,NA,BND,YM165_JF109
Chr5,1312586,NA,NA,BND,YM165_JF109
Chr5,1312124,NA,NA,BND,YM165_JF109
Chr5,1312124,NA,NA,BND,YM165_JF109
Chr5,1307497,NA,NA,BND,YM165_JF109
Chr5,1307415,NA,NA,BND,YM165_JF109
Chr5,1300807,NA,NA,BND,YM165_JF109
Chr5,1300463,NA,NA,BND,YM165_JF109
Chr5,1294899,NA,NA,BND,YM165_JF109
Chr5,1294800,NA,NA,BND,YM165_JF109
Chr5,1275750,NA,NA,BND,YM165_JF109
Chr5,1275746,NA,NA,BND,YM165_JF109
Chr5,1246835,NA,NA,BND,YM165_JF109
Chr5,1237099,NA,NA,BND,YM165_JF109
Chr5,1198498,NA,NA,BND,YM165_JF109
Chr5,1198385,NA,NA,BND,YM165_JF109
Chr5,1164286,NA,NA,BND,YM165_JF109
Chr5,1164281,NA,NA,BND,YM165_JF109
Chr5,821505,NA,NA,BND,YM165_JF109
Chr5,821122,NA,NA,BND,YM165_JF109
Chr5,621228,NA,NA,BND,YM165_JF109
Chr5,621227,NA,NA,BND,YM165_JF109
Chr5,620608,NA,NA,BND,YM165_JF109
Chr5,547696,NA,NA,BND,YM165_JF109
Chr5,547696,NA,NA,BND,YM165_JF109
Chr5,547696,NA,NA,BND,YM165_JF109
Chr5,547690,NA,NA,BND,YM165_JF109
Chr5,546693,NA,NA,BND,YM165_JF109
Chr5,546628,NA,NA,BND,YM165_JF109
Chr5,546625,NA,NA,BND,YM165_JF109
Chr5,546622,NA,NA,BND,YM165_JF109
Chr5,531754,NA,NA,BND,YM165_JF109
Chr5,531747,NA,NA,BND,YM165_JF109
Chr5,519219,NA,NA,BND,YM165_JF109
Chr5,511420,NA,NA,BND,YM165_JF109
Chr5,511419,NA,NA,BND,YM165_JF109
Chr5,511419,NA,NA,BND,YM165_JF109
Chr5,511167,NA,NA,BND,YM165_JF109
Chr5,511167,NA,NA,BND,YM165_JF109
Chr5,510775,NA,NA,BND,YM165_JF109
Chr5,510592,NA,NA,BND,YM165_JF109
Chr5,508335,NA,NA,BND,YM165_JF109
Chr5,505487,NA,NA,BND,YM165_JF109
Chr5,505143,NA,NA,BND,YM165_JF109
Chr5,505062,NA,NA,BND,YM165_JF109
Chr5,504894,NA,NA,BND,YM165_JF109
Chr5,504637,NA,NA,BND,YM165_JF109
Chr5,504507,NA,NA,BND,YM165_JF109
Chr5,504245,NA,NA,BND,YM165_JF109
Chr5,503840,NA,NA,BND,YM165_JF109
Chr5,503199,NA,NA,BND,YM165_JF109
Chr5,503198,NA,NA,BND,YM165_JF109
Chr5,503198,NA,NA,BND,YM165_JF109
Chr5,503198,NA,NA,BND,YM165_JF109
Chr5,503197,NA,NA,BND,YM165_JF109
Chr5,497869,NA,NA,BND,YM165_JF109
Chr5,497869,NA,NA,BND,YM165_JF109
Chr5,195190,NA,NA,BND,YM165_JF109
Chr5,57561,NA,NA,BND,YM165_JF109
Chr5,21935,NA,NA,BND,YM165_JF109
Chr5,21934,NA,NA,BND,YM165_JF109
Chr5,21689,NA,NA,BND,YM165_JF109
Chr5,21538,NA,NA,BND,YM165_JF109
Chr5,21440,NA,NA,BND,YM165_JF109
Chr5,21210,NA,NA,BND,YM165_JF109
Chr5,21050,NA,NA,BND,YM165_JF109
Chr5,19010,NA,NA,BND,YM165_JF109
Chr5,18543,NA,NA,BND,YM165_JF109
Chr5,18496,NA,NA,BND,YM165_JF109
Chr5,4498,NA,NA,BND,YM165_JF109
Chr5,4498,NA,NA,BND,YM165_JF109
Chr5,4467,NA,NA,BND,YM165_JF109
Chr6,1297208,1298019,811,DEL,YM165_JF109
Chr6,1264379,1264739,360,DEL,YM165_JF109
Chr6,850418,851163,745,DEL,YM165_JF109
Chr6,762149,762213,64,DEL,YM165_JF109
Chr6,722094,722263,169,DEL,YM165_JF109
Chr6,626192,626275,83,DEL,YM165_JF109
Chr6,470877,470946,69,DEL,YM165_JF109
Chr6,123886,123981,95,DEL,YM165_JF109
Chr6,91055,91158,103,DEL,YM165_JF109
Chr6,1303156,NA,NA,BND,YM165_JF109
Chr6,1303156,NA,NA,BND,YM165_JF109
Chr6,1303028,NA,NA,BND,YM165_JF109
Chr6,1302601,NA,NA,BND,YM165_JF109
Chr6,1302584,NA,NA,BND,YM165_JF109
Chr6,1302581,NA,NA,BND,YM165_JF109
Chr6,1302578,NA,NA,BND,YM165_JF109
Chr6,1302577,NA,NA,BND,YM165_JF109
Chr6,1302571,NA,NA,BND,YM165_JF109
Chr6,1300269,NA,NA,BND,YM165_JF109
Chr6,1300269,NA,NA,BND,YM165_JF109
Chr6,1299732,NA,NA,BND,YM165_JF109
Chr6,1264671,NA,NA,BND,YM165_JF109
Chr6,1264392,NA,NA,BND,YM165_JF109
Chr6,589332,NA,NA,BND,YM165_JF109
Chr6,583514,NA,NA,BND,YM165_JF109
Chr6,581942,NA,NA,BND,YM165_JF109
Chr6,581545,NA,NA,BND,YM165_JF109
Chr6,446203,NA,NA,BND,YM165_JF109
Chr6,445982,NA,NA,BND,YM165_JF109
Chr6,445876,NA,NA,BND,YM165_JF109
Chr6,418801,NA,NA,BND,YM165_JF109
Chr6,410360,NA,NA,BND,YM165_JF109
Chr6,404879,NA,NA,BND,YM165_JF109
Chr6,291536,NA,NA,BND,YM165_JF109
Chr6,257944,NA,NA,BND,YM165_JF109
Chr6,237413,NA,NA,BND,YM165_JF109
Chr6,237383,NA,NA,BND,YM165_JF109
Chr6,200138,NA,NA,BND,YM165_JF109
Chr6,134765,NA,NA,BND,YM165_JF109
Chr6,134765,NA,NA,BND,YM165_JF109
Chr6,134761,NA,NA,BND,YM165_JF109
Chr6,134757,NA,NA,BND,YM165_JF109
Chr6,115315,NA,NA,BND,YM165_JF109
Chr6,7174,NA,NA,BND,YM165_JF109
Chr6,3299,NA,NA,BND,YM165_JF109
Chr6,3169,NA,NA,BND,YM165_JF109
Chr6,3101,NA,NA,BND,YM165_JF109
Chr7,1226001,1226093,92,DEL,YM165_JF109
Chr7,1174331,1174485,154,DEL,YM165_JF109
Chr7,1126859,1126928,69,DEL,YM165_JF109
Chr7,1107811,1107879,68,DEL,YM165_JF109
Chr7,1079043,1079141,98,DEL,YM165_JF109
Chr7,1026557,1026645,88,DEL,YM165_JF109
Chr7,1023006,1023062,56,DEL,YM165_JF109
Chr7,954404,954506,102,DEL,YM165_JF109
Chr7,926821,926905,84,DEL,YM165_JF109
Chr7,765718,765933,215,DEL,YM165_JF109
Chr7,547328,547406,78,DEL,YM165_JF109
Chr7,176649,176746,97,DEL,YM165_JF109
Chr7,128604,128695,91,DEL,YM165_JF109
Chr7,28585,28639,54,DEL,YM165_JF109
Chr7,15470,15658,188,DEL,YM165_JF109
Chr7,1241544,NA,NA,BND,YM165_JF109
Chr7,1225550,NA,NA,BND,YM165_JF109
Chr7,1225425,NA,NA,BND,YM165_JF109
Chr7,1124989,NA,NA,BND,YM165_JF109
Chr7,1082397,NA,NA,BND,YM165_JF109
Chr7,1042832,NA,NA,BND,YM165_JF109
Chr7,1042832,NA,NA,BND,YM165_JF109
Chr7,1042832,NA,NA,BND,YM165_JF109
Chr7,1042732,NA,NA,BND,YM165_JF109
Chr7,782039,NA,NA,BND,YM165_JF109
Chr7,782017,NA,NA,BND,YM165_JF109
Chr7,745078,NA,NA,BND,YM165_JF109
Chr7,745034,NA,NA,BND,YM165_JF109
Chr7,616605,NA,NA,BND,YM165_JF109
Chr7,616581,NA,NA,BND,YM165_JF109
Chr7,616451,NA,NA,BND,YM165_JF109
Chr7,616439,NA,NA,BND,YM165_JF109
Chr7,615616,NA,NA,BND,YM165_JF109
Chr7,615468,NA,NA,BND,YM165_JF109
Chr7,615448,NA,NA,BND,YM165_JF109
Chr7,615426,NA,NA,BND,YM165_JF109
Chr7,615265,NA,NA,BND,YM165_JF109
Chr7,615218,NA,NA,BND,YM165_JF109
Chr7,615199,NA,NA,BND,YM165_JF109
Chr7,488517,NA,NA,BND,YM165_JF109
Chr7,419126,NA,NA,BND,YM165_JF109
Chr7,419123,NA,NA,BND,YM165_JF109
Chr7,418440,NA,NA,BND,YM165_JF109
Chr7,418199,NA,NA,BND,YM165_JF109
Chr7,416200,NA,NA,BND,YM165_JF109
Chr7,410153,NA,NA,BND,YM165_JF109
Chr7,410153,NA,NA,BND,YM165_JF109
Chr7,410150,NA,NA,BND,YM165_JF109
Chr7,410149,NA,NA,BND,YM165_JF109
Chr7,138128,NA,NA,BND,YM165_JF109
Chr7,137545,NA,NA,BND,YM165_JF109
Chr7,137014,NA,NA,BND,YM165_JF109
Chr7,54291,NA,NA,BND,YM165_JF109
Chr7,54262,NA,NA,BND,YM165_JF109
Chr7,50149,NA,NA,BND,YM165_JF109
Chr8,1224074,1224449,375,DEL,YM165_JF109
Chr8,1191713,1191931,218,DEL,YM165_JF109
Chr8,1043278,1043328,50,DEL,YM165_JF109
Chr8,777005,777083,78,DEL,YM165_JF109
Chr8,486535,486635,100,DEL,YM165_JF109
Chr8,285656,285755,99,DEL,YM165_JF109
Chr8,252044,252144,100,DEL,YM165_JF109
Chr8,1230842,NA,NA,BND,YM165_JF109
Chr8,1230835,NA,NA,BND,YM165_JF109
Chr8,1230469,NA,NA,BND,YM165_JF109
Chr8,1230379,NA,NA,BND,YM165_JF109
Chr8,1230048,NA,NA,BND,YM165_JF109
Chr8,1229950,NA,NA,BND,YM165_JF109
Chr8,1229838,NA,NA,BND,YM165_JF109
Chr8,1229565,NA,NA,BND,YM165_JF109
Chr8,1220314,NA,NA,BND,YM165_JF109
Chr8,1212992,NA,NA,BND,YM165_JF109
Chr8,1211410,NA,NA,BND,YM165_JF109
Chr8,1199820,NA,NA,BND,YM165_JF109
Chr8,1195915,NA,NA,BND,YM165_JF109
Chr8,1195551,NA,NA,BND,YM165_JF109
Chr8,1100206,NA,NA,BND,YM165_JF109
Chr8,1100171,NA,NA,BND,YM165_JF109
Chr8,828095,NA,NA,BND,YM165_JF109
Chr8,828095,NA,NA,BND,YM165_JF109
Chr8,827931,NA,NA,BND,YM165_JF109
Chr8,826490,NA,NA,BND,YM165_JF109
Chr8,826472,NA,NA,BND,YM165_JF109
Chr8,826029,NA,NA,BND,YM165_JF109
Chr8,825510,NA,NA,BND,YM165_JF109
Chr8,824910,NA,NA,BND,YM165_JF109
Chr8,824281,NA,NA,BND,YM165_JF109
Chr8,818767,NA,NA,BND,YM165_JF109
Chr8,818731,NA,NA,BND,YM165_JF109
Chr8,818448,NA,NA,BND,YM165_JF109
Chr8,818223,NA,NA,BND,YM165_JF109
Chr8,817754,NA,NA,BND,YM165_JF109
Chr8,817754,NA,NA,BND,YM165_JF109
Chr8,805372,NA,NA,BND,YM165_JF109
Chr8,805369,NA,NA,BND,YM165_JF109
Chr8,768718,NA,NA,BND,YM165_JF109
Chr8,768617,NA,NA,BND,YM165_JF109
Chr8,675295,NA,NA,BND,YM165_JF109
Chr8,674213,NA,NA,BND,YM165_JF109
Chr8,674212,NA,NA,BND,YM165_JF109
Chr8,674211,NA,NA,BND,YM165_JF109
Chr8,674110,NA,NA,BND,YM165_JF109
Chr8,674000,NA,NA,BND,YM165_JF109
Chr8,673897,NA,NA,BND,YM165_JF109
Chr8,673897,NA,NA,BND,YM165_JF109
Chr8,673897,NA,NA,BND,YM165_JF109
Chr8,673897,NA,NA,BND,YM165_JF109
Chr8,673895,NA,NA,BND,YM165_JF109
Chr8,673001,NA,NA,BND,YM165_JF109
Chr8,672991,NA,NA,BND,YM165_JF109
Chr8,331441,NA,NA,BND,YM165_JF109
Chr8,299581,NA,NA,BND,YM165_JF109
Chr8,206732,NA,NA,BND,YM165_JF109
Chr8,197743,NA,NA,BND,YM165_JF109
Chr8,197698,NA,NA,BND,YM165_JF109
Chr8,197277,NA,NA,BND,YM165_JF109
Chr8,197277,NA,NA,BND,YM165_JF109
Chr8,195473,NA,NA,BND,YM165_JF109
Chr8,113299,NA,NA,BND,YM165_JF109
Chr8,113282,NA,NA,BND,YM165_JF109
Chr8,98386,NA,NA,BND,YM165_JF109
Chr8,98382,NA,NA,BND,YM165_JF109
Chr8,13981,NA,NA,BND,YM165_JF109
Chr8,13750,NA,NA,BND,YM165_JF109
Chr8,13655,NA,NA,BND,YM165_JF109
Chr8,13646,NA,NA,BND,YM165_JF109
Chr8,13541,NA,NA,BND,YM165_JF109
Chr8,12776,NA,NA,BND,YM165_JF109
Chr8,12550,NA,NA,BND,YM165_JF109
Chr8,12509,NA,NA,BND,YM165_JF109
Chr8,12504,NA,NA,BND,YM165_JF109
Chr8,12453,NA,NA,BND,YM165_JF109
Chr8,12359,NA,NA,BND,YM165_JF109
Chr8,11699,NA,NA,BND,YM165_JF109
Chr8,11395,NA,NA,BND,YM165_JF109
Chr8,11370,NA,NA,BND,YM165_JF109
Chr8,11298,NA,NA,BND,YM165_JF109
Chr8,11126,NA,NA,BND,YM165_JF109
Chr8,11124,NA,NA,BND,YM165_JF109
Chr8,11007,NA,NA,BND,YM165_JF109
Chr8,10619,NA,NA,BND,YM165_JF109
Chr8,10435,NA,NA,BND,YM165_JF109
Chr8,9853,NA,NA,BND,YM165_JF109
Chr8,9367,NA,NA,BND,YM165_JF109
Chr9,74063,74137,74,DEL,YM165_JF109
Chr9,965207,NA,NA,BND,YM165_JF109
Chr9,964546,NA,NA,BND,YM165_JF109
Chr9,964223,NA,NA,BND,YM165_JF109
Chr9,963129,NA,NA,BND,YM165_JF109
Chr9,963065,NA,NA,BND,YM165_JF109
Chr9,962932,NA,NA,BND,YM165_JF109
Chr9,962932,NA,NA,BND,YM165_JF109
Chr9,962926,NA,NA,BND,YM165_JF109
Chr9,297875,NA,NA,BND,YM165_JF109
Chr9,241931,NA,NA,BND,YM165_JF109
Chr9,241931,NA,NA,BND,YM165_JF109
Chr9,241900,NA,NA,BND,YM165_JF109
Chr9,241900,NA,NA,BND,YM165_JF109
Chr9,241899,NA,NA,BND,YM165_JF109
Chr9,219229,NA,NA,BND,YM165_JF109
Chr9,197762,NA,NA,BND,YM165_JF109
Chr9,172040,NA,NA,BND,YM165_JF109
Chr9,161308,NA,NA,BND,YM165_JF109
Chr9,161302,NA,NA,BND,YM165_JF109
Chr9,161302,NA,NA,BND,YM165_JF109
Chr9,161302,NA,NA,BND,YM165_JF109
Chr9,155961,NA,NA,BND,YM165_JF109
Chr9,155961,NA,NA,BND,YM165_JF109
Chr9,155948,NA,NA,BND,YM165_JF109
Chr9,155815,NA,NA,BND,YM165_JF109
Chr9,155814,NA,NA,BND,YM165_JF109
Chr9,155623,NA,NA,BND,YM165_JF109
Chr9,56359,NA,NA,BND,YM165_JF109
Chr9,55374,NA,NA,BND,YM165_JF109
Chr9,54814,NA,NA,BND,YM165_JF109
Chr9,50788,NA,NA,BND,YM165_JF109
Chr9,40095,NA,NA,BND,YM165_JF109
Chr9,40040,NA,NA,BND,YM165_JF109
Chr9,39961,NA,NA,BND,YM165_JF109
Chr9,38855,NA,NA,BND,YM165_JF109
Chr9,37772,NA,NA,BND,YM165_JF109
Chr9,12294,NA,NA,BND,YM165_JF109
Chr9,11355,NA,NA,BND,YM165_JF109
Chr9,10919,NA,NA,BND,YM165_JF109
Chr9,10719,NA,NA,BND,YM165_JF109
Chr9,10700,NA,NA,BND,YM165_JF109
Chr9,10490,NA,NA,BND,YM165_JF109
Chr9,10490,NA,NA,BND,YM165_JF109
Chr9,10489,NA,NA,BND,YM165_JF109
Chr9,9361,NA,NA,BND,YM165_JF109
Chr9,9041,NA,NA,BND,YM165_JF109
Chr9,8816,NA,NA,BND,YM165_JF109
Chr9,8695,NA,NA,BND,YM165_JF109
Chr9,8612,NA,NA,BND,YM165_JF109
Chr9,7831,NA,NA,BND,YM165_JF109
Chr9,7794,NA,NA,BND,YM165_JF109
Chr9,7639,NA,NA,BND,YM165_JF109
Chr9,7114,NA,NA,BND,YM165_JF109
Chr9,7082,NA,NA,BND,YM165_JF109
Chr9,6516,NA,NA,BND,YM165_JF109
Chr9,6515,NA,NA,BND,YM165_JF109
Chr9,6476,NA,NA,BND,YM165_JF109
Chr10,732770,732874,104,DEL,YM165_JF109
Chr10,411074,411161,87,DEL,YM165_JF109
Chr10,348951,349219,268,DEL,YM165_JF109
Chr10,215609,215664,55,DEL,YM165_JF109
Chr10,811041,NA,NA,BND,YM165_JF109
Chr10,789626,NA,NA,BND,YM165_JF109
Chr10,532700,NA,NA,BND,YM165_JF109
Chr10,532441,NA,NA,BND,YM165_JF109
Chr10,532441,NA,NA,BND,YM165_JF109
Chr10,532354,NA,NA,BND,YM165_JF109
Chr10,532353,NA,NA,BND,YM165_JF109
Chr10,524438,NA,NA,BND,YM165_JF109
Chr10,494941,NA,NA,BND,YM165_JF109
Chr10,484586,NA,NA,BND,YM165_JF109
Chr10,409799,NA,NA,BND,YM165_JF109
Chr10,409720,NA,NA,BND,YM165_JF109
Chr10,409369,NA,NA,BND,YM165_JF109
Chr10,409369,NA,NA,BND,YM165_JF109
Chr10,409291,NA,NA,BND,YM165_JF109
Chr10,369257,NA,NA,BND,YM165_JF109
Chr10,369257,NA,NA,BND,YM165_JF109
Chr10,368588,NA,NA,BND,YM165_JF109
Chr10,366334,NA,NA,BND,YM165_JF109
Chr10,363641,NA,NA,BND,YM165_JF109
Chr10,361945,NA,NA,BND,YM165_JF109
Chr10,286628,NA,NA,BND,YM165_JF109
Chr10,286627,NA,NA,BND,YM165_JF109
Chr10,234875,NA,NA,BND,YM165_JF109
Chr10,234874,NA,NA,BND,YM165_JF109
Chr10,234578,NA,NA,BND,YM165_JF109
Chr10,234577,NA,NA,BND,YM165_JF109
Chr10,234575,NA,NA,BND,YM165_JF109
Chr10,234095,NA,NA,BND,YM165_JF109
Chr10,233347,NA,NA,BND,YM165_JF109
Chr10,197193,NA,NA,BND,YM165_JF109
Chr11,705229,705304,75,DEL,YM165_JF109
Chr11,703683,703781,98,DEL,YM165_JF109
Chr11,702297,702422,125,DEL,YM165_JF109
Chr11,537027,537164,137,DEL,YM165_JF109
Chr11,415574,415866,292,DEL,YM165_JF109
Chr11,303007,303116,109,DEL,YM165_JF109
Chr11,301595,301788,193,DEL,YM165_JF109
Chr11,39604,39858,254,DEL,YM165_JF109
Chr11,6614,6754,140,DEL,YM165_JF109
Chr11,730004,NA,NA,BND,YM165_JF109
Chr11,730004,NA,NA,BND,YM165_JF109
Chr11,728512,NA,NA,BND,YM165_JF109
Chr11,728392,NA,NA,BND,YM165_JF109
Chr11,728258,NA,NA,BND,YM165_JF109
Chr11,728104,NA,NA,BND,YM165_JF109
Chr11,728103,NA,NA,BND,YM165_JF109
Chr11,728061,NA,NA,BND,YM165_JF109
Chr11,728061,NA,NA,BND,YM165_JF109
Chr11,727976,NA,NA,BND,YM165_JF109
Chr11,727110,NA,NA,BND,YM165_JF109
Chr11,691932,NA,NA,BND,YM165_JF109
Chr11,691929,NA,NA,BND,YM165_JF109
Chr11,691564,NA,NA,BND,YM165_JF109
Chr11,688731,NA,NA,BND,YM165_JF109
Chr11,688731,NA,NA,BND,YM165_JF109
Chr11,688731,NA,NA,BND,YM165_JF109
Chr11,688574,NA,NA,BND,YM165_JF109
Chr11,688562,NA,NA,BND,YM165_JF109
Chr11,688499,NA,NA,BND,YM165_JF109
Chr11,688488,NA,NA,BND,YM165_JF109
Chr11,611441,NA,NA,BND,YM165_JF109
Chr11,611341,NA,NA,BND,YM165_JF109
Chr11,569937,NA,NA,BND,YM165_JF109
Chr11,569911,NA,NA,BND,YM165_JF109
Chr11,566451,NA,NA,BND,YM165_JF109
Chr11,566354,NA,NA,BND,YM165_JF109
Chr11,566323,NA,NA,BND,YM165_JF109
Chr11,566323,NA,NA,BND,YM165_JF109
Chr11,565180,NA,NA,BND,YM165_JF109
Chr11,554964,NA,NA,BND,YM165_JF109
Chr11,554962,NA,NA,BND,YM165_JF109
Chr11,400256,NA,NA,BND,YM165_JF109
Chr11,147255,NA,NA,BND,YM165_JF109
Chr11,115974,NA,NA,BND,YM165_JF109
Chr11,115961,NA,NA,BND,YM165_JF109
Chr11,101409,NA,NA,BND,YM165_JF109
Chr11,99631,NA,NA,BND,YM165_JF109
Chr11,21892,NA,NA,BND,YM165_JF109
Chr11,20869,NA,NA,BND,YM165_JF109
Chr11,11951,NA,NA,BND,YM165_JF109
Chr11,11950,NA,NA,BND,YM165_JF109
Chr11,11947,NA,NA,BND,YM165_JF109
Chr11,11838,NA,NA,BND,YM165_JF109
Chr11,11467,NA,NA,BND,YM165_JF109
Chr11,10663,NA,NA,BND,YM165_JF109
Chr11,10285,NA,NA,BND,YM165_JF109
Chr11,9690,NA,NA,BND,YM165_JF109
Chr11,9690,NA,NA,BND,YM165_JF109
Chr11,9642,NA,NA,BND,YM165_JF109
Chr11,9641,NA,NA,BND,YM165_JF109
Chr11,9477,NA,NA,BND,YM165_JF109
Chr11,9473,NA,NA,BND,YM165_JF109
Chr11,9406,NA,NA,BND,YM165_JF109
Chr11,9381,NA,NA,BND,YM165_JF109
Chr11,9178,NA,NA,BND,YM165_JF109
Chr11,9176,NA,NA,BND,YM165_JF109
Chr11,8411,NA,NA,BND,YM165_JF109
Chr11,8405,NA,NA,BND,YM165_JF109
Chr11,8169,NA,NA,BND,YM165_JF109
Chr11,8152,NA,NA,BND,YM165_JF109
Chr11,8028,NA,NA,BND,YM165_JF109
Chr11,7359,NA,NA,BND,YM165_JF109
Chr11,6960,NA,NA,BND,YM165_JF109
Chr11,2667,NA,NA,BND,YM165_JF109
Chr11,2665,NA,NA,BND,YM165_JF109
Chr11,2665,NA,NA,BND,YM165_JF109
Chr11,2665,NA,NA,BND,YM165_JF109
Chr11,2664,NA,NA,BND,YM165_JF109
Chr11,2664,NA,NA,BND,YM165_JF109
Chr11,2663,NA,NA,BND,YM165_JF109
Chr11,2663,NA,NA,BND,YM165_JF109
Chr11,2663,NA,NA,BND,YM165_JF109
Chr11,2663,NA,NA,BND,YM165_JF109
Chr11,2663,NA,NA,BND,YM165_JF109
Chr11,2663,NA,NA,BND,YM165_JF109
Chr11,2654,NA,NA,BND,YM165_JF109
Chr11,2648,NA,NA,BND,YM165_JF109
Chr11,2534,NA,NA,BND,YM165_JF109
Chr12,652014,652100,86,DEL,YM165_JF109
Chr12,512957,513034,77,DEL,YM165_JF109
Chr12,398712,398852,140,DEL,YM165_JF109
Chr12,219110,219192,82,DEL,YM165_JF109
Chr12,178217,178426,209,DEL,YM165_JF109
Chr12,66924,67132,208,DEL,YM165_JF109
Chr12,610808,NA,NA,BND,YM165_JF109
Chr12,610806,NA,NA,BND,YM165_JF109
Chr12,610800,NA,NA,BND,YM165_JF109
Chr12,610798,NA,NA,BND,YM165_JF109
Chr12,610709,NA,NA,BND,YM165_JF109
Chr12,580651,NA,NA,BND,YM165_JF109
Chr12,578986,NA,NA,BND,YM165_JF109
Chr12,569080,NA,NA,BND,YM165_JF109
Chr12,568914,NA,NA,BND,YM165_JF109
Chr12,568759,NA,NA,BND,YM165_JF109
Chr12,568634,NA,NA,BND,YM165_JF109
Chr12,568628,NA,NA,BND,YM165_JF109
Chr12,567894,NA,NA,BND,YM165_JF109
Chr12,567894,NA,NA,BND,YM165_JF109
Chr12,561952,NA,NA,BND,YM165_JF109
Chr12,561644,NA,NA,BND,YM165_JF109
Chr12,558818,NA,NA,BND,YM165_JF109
Chr12,558794,NA,NA,BND,YM165_JF109
Chr12,558711,NA,NA,BND,YM165_JF109
Chr12,558459,NA,NA,BND,YM165_JF109
Chr12,558379,NA,NA,BND,YM165_JF109
Chr12,558060,NA,NA,BND,YM165_JF109
Chr12,557662,NA,NA,BND,YM165_JF109
Chr12,557622,NA,NA,BND,YM165_JF109
Chr12,557622,NA,NA,BND,YM165_JF109
Chr12,557401,NA,NA,BND,YM165_JF109
Chr12,557401,NA,NA,BND,YM165_JF109
Chr12,377954,NA,NA,BND,YM165_JF109
Chr12,377073,NA,NA,BND,YM165_JF109
Chr12,145263,NA,NA,BND,YM165_JF109
Chr12,145259,NA,NA,BND,YM165_JF109
Chr12,133286,NA,NA,BND,YM165_JF109
Chr12,132328,NA,NA,BND,YM165_JF109
Chr12,107851,NA,NA,BND,YM165_JF109
Chr12,107851,NA,NA,BND,YM165_JF109
Chr12,107847,NA,NA,BND,YM165_JF109
Chr12,107847,NA,NA,BND,YM165_JF109
Chr12,21958,NA,NA,BND,YM165_JF109
Chr12,21945,NA,NA,BND,YM165_JF109
Chr13,618353,618445,92,DEL,YM165_JF109
Chr13,595626,595771,145,DEL,YM165_JF109
Chr13,534890,534949,59,DEL,YM165_JF109
Chr13,335343,335502,159,DEL,YM165_JF109
Chr13,306478,306653,175,DEL,YM165_JF109
Chr13,276256,276343,87,DEL,YM165_JF109
Chr13,231389,231454,65,DEL,YM165_JF109
Chr13,229522,229587,65,DEL,YM165_JF109
Chr13,194115,194190,75,DEL,YM165_JF109
Chr13,189079,189233,154,DEL,YM165_JF109
Chr13,180537,181130,593,DEL,YM165_JF109
Chr13,68424,68519,95,DEL,YM165_JF109
Chr13,39967,40018,51,DEL,YM165_JF109
Chr13,639118,NA,NA,BND,YM165_JF109
Chr13,636664,NA,NA,BND,YM165_JF109
Chr13,623024,NA,NA,BND,YM165_JF109
Chr13,623024,NA,NA,BND,YM165_JF109
Chr13,594439,NA,NA,BND,YM165_JF109
Chr13,301075,NA,NA,BND,YM165_JF109
Chr13,301017,NA,NA,BND,YM165_JF109
Chr13,234616,NA,NA,BND,YM165_JF109
Chr13,190196,NA,NA,BND,YM165_JF109
Chr13,190114,NA,NA,BND,YM165_JF109
Chr13,189985,NA,NA,BND,YM165_JF109
Chr13,189984,NA,NA,BND,YM165_JF109
Chr13,189982,NA,NA,BND,YM165_JF109
Chr13,188150,NA,NA,BND,YM165_JF109
Chr13,188150,NA,NA,BND,YM165_JF109
Chr13,188149,NA,NA,BND,YM165_JF109
Chr13,188149,NA,NA,BND,YM165_JF109
Chr13,188109,NA,NA,BND,YM165_JF109
Chr13,146571,NA,NA,BND,YM165_JF109
Chr13,118610,NA,NA,BND,YM165_JF109
Chr13,117291,NA,NA,BND,YM165_JF109
Chr13,114418,NA,NA,BND,YM165_JF109
Chr13,108039,NA,NA,BND,YM165_JF109
Chr13,107548,NA,NA,BND,YM165_JF109
Chr13,107394,NA,NA,BND,YM165_JF109
Chr13,107351,NA,NA,BND,YM165_JF109
Chr13,30315,NA,NA,BND,YM165_JF109
Chr13,30315,NA,NA,BND,YM165_JF109
Chr13,30303,NA,NA,BND,YM165_JF109
Chr13,855,NA,NA,BND,YM165_JF109
Chr13,325,NA,NA,BND,YM165_JF109
Chr13,325,NA,NA,BND,YM165_JF109
Chr13,46,NA,NA,BND,YM165_JF109
Chr14,464355,464534,179,DEL,YM165_JF109
Chr14,442423,442548,125,DEL,YM165_JF109
Chr14,441168,441378,210,DEL,YM165_JF109
Chr14,41174,41393,219,DEL,YM165_JF109
Chr14,514925,NA,NA,BND,YM165_JF109
Chr14,514919,NA,NA,BND,YM165_JF109
Chr14,498085,NA,NA,BND,YM165_JF109
Chr14,497922,NA,NA,BND,YM165_JF109
Chr14,497728,NA,NA,BND,YM165_JF109
Chr14,485542,NA,NA,BND,YM165_JF109
Chr14,484649,NA,NA,BND,YM165_JF109
Chr14,484649,NA,NA,BND,YM165_JF109
Chr14,484627,NA,NA,BND,YM165_JF109
Chr14,484528,NA,NA,BND,YM165_JF109
Chr14,484510,NA,NA,BND,YM165_JF109
Chr14,484505,NA,NA,BND,YM165_JF109
Chr14,484455,NA,NA,BND,YM165_JF109
Chr14,470673,NA,NA,BND,YM165_JF109
Chr14,5166,NA,NA,BND,YM165_JF109
Chr14,5128,NA,NA,BND,YM165_JF109
Chr14,5111,NA,NA,BND,YM165_JF109
Chr14,4953,NA,NA,BND,YM165_JF109
Chr14,4499,NA,NA,BND,YM165_JF109
Chr14,4451,NA,NA,BND,YM165_JF109
Chr14,4444,NA,NA,BND,YM165_JF109
Chr14,4269,NA,NA,BND,YM165_JF109
Chr14,4002,NA,NA,BND,YM165_JF109
Chr14,3692,NA,NA,BND,YM165_JF109
Chr14,3692,NA,NA,BND,YM165_JF109
Chr14,3532,NA,NA,BND,YM165_JF109
Chr14,3532,NA,NA,BND,YM165_JF109
Chr14,3531,NA,NA,BND,YM165_JF109
MT,31297,NA,NA,BND,YM165_JF109
MT,30448,NA,NA,BND,YM165_JF109
Chr1,2020771,2024118,3347,DEL,YM165_CDC15
Chr1,1930987,1931160,173,DEL,YM165_CDC15
Chr1,1925953,1926034,81,DEL,YM165_CDC15
Chr1,1737888,1737947,59,DEL,YM165_CDC15
Chr1,1714090,1714832,742,DEL,YM165_CDC15
Chr1,1695522,1695586,64,DEL,YM165_CDC15
Chr1,1635030,1635137,107,DEL,YM165_CDC15
Chr1,1525320,1526246,926,DEL,YM165_CDC15
Chr1,1470445,1471459,1014,DEL,YM165_CDC15
Chr1,1187654,1187738,84,DEL,YM165_CDC15
Chr1,82641,82737,96,DEL,YM165_CDC15
Chr1,2176529,NA,NA,BND,YM165_CDC15
Chr1,2162107,NA,NA,BND,YM165_CDC15
Chr1,2161954,NA,NA,BND,YM165_CDC15
Chr1,2154530,NA,NA,BND,YM165_CDC15
Chr1,2147588,NA,NA,BND,YM165_CDC15
Chr1,2147587,NA,NA,BND,YM165_CDC15
Chr1,1847411,NA,NA,BND,YM165_CDC15
Chr1,1847377,NA,NA,BND,YM165_CDC15
Chr1,1702488,NA,NA,BND,YM165_CDC15
Chr1,1500191,NA,NA,BND,YM165_CDC15
Chr1,1500110,NA,NA,BND,YM165_CDC15
Chr1,1438245,NA,NA,BND,YM165_CDC15
Chr1,1438210,NA,NA,BND,YM165_CDC15
Chr1,1371548,NA,NA,BND,YM165_CDC15
Chr1,1279348,NA,NA,BND,YM165_CDC15
Chr1,1138481,NA,NA,BND,YM165_CDC15
Chr1,1138138,NA,NA,BND,YM165_CDC15
Chr1,1138137,NA,NA,BND,YM165_CDC15
Chr1,1138029,NA,NA,BND,YM165_CDC15
Chr1,1138018,NA,NA,BND,YM165_CDC15
Chr1,1137921,NA,NA,BND,YM165_CDC15
Chr1,1137786,NA,NA,BND,YM165_CDC15
Chr1,1127836,NA,NA,BND,YM165_CDC15
Chr1,1126803,NA,NA,BND,YM165_CDC15
Chr1,1126583,NA,NA,BND,YM165_CDC15
Chr1,103861,NA,NA,BND,YM165_CDC15
Chr1,83202,NA,NA,BND,YM165_CDC15
Chr2,2098820,2099136,316,DEL,YM165_CDC15
Chr2,1951466,1951549,83,DEL,YM165_CDC15
Chr2,1942107,1942964,857,DEL,YM165_CDC15
Chr2,1933089,1933205,116,DEL,YM165_CDC15
Chr2,1919265,1919812,547,DEL,YM165_CDC15
Chr2,1800880,1801032,152,DEL,YM165_CDC15
Chr2,2167086,NA,NA,BND,YM165_CDC15
Chr2,2166809,NA,NA,BND,YM165_CDC15
Chr2,2161501,NA,NA,BND,YM165_CDC15
Chr2,2161391,NA,NA,BND,YM165_CDC15
Chr2,2048837,NA,NA,BND,YM165_CDC15
Chr2,2031175,NA,NA,BND,YM165_CDC15
Chr2,2030243,NA,NA,BND,YM165_CDC15
Chr2,2006553,NA,NA,BND,YM165_CDC15
Chr2,2006350,NA,NA,BND,YM165_CDC15
Chr2,1984092,NA,NA,BND,YM165_CDC15
Chr2,1951850,NA,NA,BND,YM165_CDC15
Chr2,1932351,NA,NA,BND,YM165_CDC15
Chr2,1932271,NA,NA,BND,YM165_CDC15
Chr2,1711427,NA,NA,BND,YM165_CDC15
Chr2,1710799,NA,NA,BND,YM165_CDC15
Chr2,1710143,NA,NA,BND,YM165_CDC15
Chr2,96894,NA,NA,BND,YM165_CDC15
Chr2,37758,NA,NA,BND,YM165_CDC15
Chr2,37602,NA,NA,BND,YM165_CDC15
Chr2,12404,NA,NA,BND,YM165_CDC15
Chr2,12121,NA,NA,BND,YM165_CDC15
Chr3,1900764,1900909,145,DUP,YM165_JF109
Chr3,1946674,1949767,3093,DEL,YM165_CDC15
Chr3,1703686,1704898,1212,DEL,YM165_CDC15
Chr3,1694794,1696562,1768,DEL,YM165_CDC15
Chr3,1641084,1641135,51,DEL,YM165_CDC15
Chr3,1552294,1552496,202,DEL,YM165_CDC15
Chr3,1494189,1494813,624,DEL,YM165_CDC15
Chr3,1477394,1477498,104,DEL,YM165_CDC15
Chr3,1468261,1468765,504,DEL,YM165_CDC15
Chr3,407409,407573,164,DEL,YM165_CDC15
Chr3,216304,216409,105,DEL,YM165_CDC15
Chr3,155294,155414,120,DEL,YM165_CDC15
Chr3,35185,35283,98,DEL,YM165_CDC15
Chr3,29863,29958,95,DEL,YM165_CDC15
Chr3,28364,28749,385,DEL,YM165_CDC15
Chr3,21087,21431,344,DEL,YM165_CDC15
Chr3,1901666,1901792,126,DUP,YM165_CDC15
Chr3,1814065,1814302,237,INV,YM165_CDC15
Chr3,1964173,NA,NA,BND,YM165_CDC15
Chr3,1955921,NA,NA,BND,YM165_CDC15
Chr3,1944816,NA,NA,BND,YM165_CDC15
Chr3,1944648,NA,NA,BND,YM165_CDC15
Chr3,1944440,NA,NA,BND,YM165_CDC15
Chr3,1944440,NA,NA,BND,YM165_CDC15
Chr3,1944405,NA,NA,BND,YM165_CDC15
Chr3,1919087,NA,NA,BND,YM165_CDC15
Chr3,1898291,NA,NA,BND,YM165_CDC15
Chr3,1892084,NA,NA,BND,YM165_CDC15
Chr3,1851760,NA,NA,BND,YM165_CDC15
Chr3,1850070,NA,NA,BND,YM165_CDC15
Chr3,1814576,NA,NA,BND,YM165_CDC15
Chr3,1814533,NA,NA,BND,YM165_CDC15
Chr3,1696326,NA,NA,BND,YM165_CDC15
Chr3,1649485,NA,NA,BND,YM165_CDC15
Chr3,1649378,NA,NA,BND,YM165_CDC15
Chr3,1649051,NA,NA,BND,YM165_CDC15
Chr3,1648854,NA,NA,BND,YM165_CDC15
Chr3,1468705,NA,NA,BND,YM165_CDC15
Chr3,1468638,NA,NA,BND,YM165_CDC15
Chr3,1468430,NA,NA,BND,YM165_CDC15
Chr3,1468386,NA,NA,BND,YM165_CDC15
Chr3,441444,NA,NA,BND,YM165_CDC15
Chr3,441079,NA,NA,BND,YM165_CDC15
Chr3,363102,NA,NA,BND,YM165_CDC15
Chr3,354709,NA,NA,BND,YM165_CDC15
Chr3,319299,NA,NA,BND,YM165_CDC15
Chr3,153402,NA,NA,BND,YM165_CDC15
Chr3,153281,NA,NA,BND,YM165_CDC15
Chr3,140240,NA,NA,BND,YM165_CDC15
Chr3,140240,NA,NA,BND,YM165_CDC15
Chr3,126310,NA,NA,BND,YM165_CDC15
Chr3,126309,NA,NA,BND,YM165_CDC15
Chr3,126303,NA,NA,BND,YM165_CDC15
Chr3,126302,NA,NA,BND,YM165_CDC15
Chr3,126302,NA,NA,BND,YM165_CDC15
Chr3,126302,NA,NA,BND,YM165_CDC15
Chr3,50634,NA,NA,BND,YM165_CDC15
Chr3,16640,NA,NA,BND,YM165_CDC15
Chr3,15517,NA,NA,BND,YM165_CDC15
Chr3,12820,NA,NA,BND,YM165_CDC15
Chr3,12551,NA,NA,BND,YM165_CDC15
Chr4,223693,224485,792,DEL,YM165_CDC15
Chr4,92415,92822,407,DEL,YM165_CDC15
Chr4,36092,36154,62,DEL,YM165_CDC15
Chr4,34332,34394,62,DEL,YM165_CDC15
Chr4,1739251,NA,NA,BND,YM165_CDC15
Chr4,1737608,NA,NA,BND,YM165_CDC15
Chr4,1736983,NA,NA,BND,YM165_CDC15
Chr4,1736767,NA,NA,BND,YM165_CDC15
Chr4,1736766,NA,NA,BND,YM165_CDC15
Chr4,1736766,NA,NA,BND,YM165_CDC15
Chr4,1710812,NA,NA,BND,YM165_CDC15
Chr4,1710636,NA,NA,BND,YM165_CDC15
Chr4,1710327,NA,NA,BND,YM165_CDC15
Chr4,1710327,NA,NA,BND,YM165_CDC15
Chr4,1710327,NA,NA,BND,YM165_CDC15
Chr4,1710327,NA,NA,BND,YM165_CDC15
Chr4,1707899,NA,NA,BND,YM165_CDC15
Chr4,1707899,NA,NA,BND,YM165_CDC15
Chr4,1685055,NA,NA,BND,YM165_CDC15
Chr4,135506,NA,NA,BND,YM165_CDC15
Chr4,135475,NA,NA,BND,YM165_CDC15
Chr4,93484,NA,NA,BND,YM165_CDC15
Chr4,92366,NA,NA,BND,YM165_CDC15
Chr4,3213,NA,NA,BND,YM165_CDC15
Chr4,3213,NA,NA,BND,YM165_CDC15
Chr5,1300813,1301340,527,DEL,YM165_CDC15
Chr5,1247193,1247300,107,DEL,YM165_CDC15
Chr5,1203108,1203960,852,DEL,YM165_CDC15
Chr5,1056275,1056392,117,DEL,YM165_CDC15
Chr5,1053073,1053663,590,DEL,YM165_CDC15
Chr5,1001609,1001690,81,DEL,YM165_CDC15
Chr5,934838,942068,7230,DEL,YM165_CDC15
Chr5,934244,934747,503,DEL,YM165_CDC15
Chr5,918685,918769,84,DEL,YM165_CDC15
Chr5,837405,837490,85,DEL,YM165_CDC15
Chr5,665288,665484,196,DEL,YM165_CDC15
Chr5,1214092,1214350,258,DUP,YM165_CDC15
Chr5,1312511,NA,NA,BND,YM165_CDC15
Chr5,1307901,NA,NA,BND,YM165_CDC15
Chr5,1307768,NA,NA,BND,YM165_CDC15
Chr5,1301193,NA,NA,BND,YM165_CDC15
Chr5,1300857,NA,NA,BND,YM165_CDC15
Chr5,1295343,NA,NA,BND,YM165_CDC15
Chr5,1295182,NA,NA,BND,YM165_CDC15
Chr5,1295181,NA,NA,BND,YM165_CDC15
Chr5,1295163,NA,NA,BND,YM165_CDC15
Chr5,1276073,NA,NA,BND,YM165_CDC15
Chr5,1276069,NA,NA,BND,YM165_CDC15
Chr5,1275780,NA,NA,BND,YM165_CDC15
Chr5,1247214,NA,NA,BND,YM165_CDC15
Chr5,1247109,NA,NA,BND,YM165_CDC15
Chr5,1198652,NA,NA,BND,YM165_CDC15
Chr5,1198652,NA,NA,BND,YM165_CDC15
Chr5,1198539,NA,NA,BND,YM165_CDC15
Chr5,1190597,NA,NA,BND,YM165_CDC15
Chr5,1164770,NA,NA,BND,YM165_CDC15
Chr5,1164715,NA,NA,BND,YM165_CDC15
Chr5,1164715,NA,NA,BND,YM165_CDC15
Chr5,829366,NA,NA,BND,YM165_CDC15
Chr5,822020,NA,NA,BND,YM165_CDC15
Chr5,821654,NA,NA,BND,YM165_CDC15
Chr5,621517,NA,NA,BND,YM165_CDC15
Chr5,621515,NA,NA,BND,YM165_CDC15
Chr5,621515,NA,NA,BND,YM165_CDC15
Chr5,7986,NA,NA,BND,YM165_CDC15
Chr5,6769,NA,NA,BND,YM165_CDC15
Chr6,1298225,1299036,811,DEL,YM165_CDC15
Chr6,1265248,1265604,356,DEL,YM165_CDC15
Chr6,851178,851928,750,DEL,YM165_CDC15
Chr6,1304190,NA,NA,BND,YM165_CDC15
Chr6,1303939,NA,NA,BND,YM165_CDC15
Chr6,1303639,NA,NA,BND,YM165_CDC15
Chr6,1303636,NA,NA,BND,YM165_CDC15
Chr6,1303615,NA,NA,BND,YM165_CDC15
Chr6,1303615,NA,NA,BND,YM165_CDC15
Chr6,1303613,NA,NA,BND,YM165_CDC15
Chr6,1301305,NA,NA,BND,YM165_CDC15
Chr6,1301305,NA,NA,BND,YM165_CDC15
Chr6,1300759,NA,NA,BND,YM165_CDC15
Chr6,1269174,NA,NA,BND,YM165_CDC15
Chr6,1265608,NA,NA,BND,YM165_CDC15
Chr6,1265605,NA,NA,BND,YM165_CDC15
Chr6,1265604,NA,NA,BND,YM165_CDC15
Chr6,1265601,NA,NA,BND,YM165_CDC15
Chr6,1265484,NA,NA,BND,YM165_CDC15
Chr6,852043,NA,NA,BND,YM165_CDC15
Chr6,590256,NA,NA,BND,YM165_CDC15
Chr6,589775,NA,NA,BND,YM165_CDC15
Chr6,588726,NA,NA,BND,YM165_CDC15
Chr6,588704,NA,NA,BND,YM165_CDC15
Chr6,588657,NA,NA,BND,YM165_CDC15
Chr6,587299,NA,NA,BND,YM165_CDC15
Chr6,587046,NA,NA,BND,YM165_CDC15
Chr6,583479,NA,NA,BND,YM165_CDC15
Chr6,582359,NA,NA,BND,YM165_CDC15
Chr6,582358,NA,NA,BND,YM165_CDC15
Chr6,581957,NA,NA,BND,YM165_CDC15
Chr6,410614,NA,NA,BND,YM165_CDC15
Chr6,237619,NA,NA,BND,YM165_CDC15
Chr6,237586,NA,NA,BND,YM165_CDC15
Chr6,134924,NA,NA,BND,YM165_CDC15
Chr6,134917,NA,NA,BND,YM165_CDC15
Chr6,134847,NA,NA,BND,YM165_CDC15
Chr6,115437,NA,NA,BND,YM165_CDC15
Chr6,107762,NA,NA,BND,YM165_CDC15
Chr6,107762,NA,NA,BND,YM165_CDC15
Chr6,107762,NA,NA,BND,YM165_CDC15
Chr6,107697,NA,NA,BND,YM165_CDC15
Chr6,107697,NA,NA,BND,YM165_CDC15
Chr6,71325,NA,NA,BND,YM165_CDC15
Chr6,6839,NA,NA,BND,YM165_CDC15
Chr6,3310,NA,NA,BND,YM165_CDC15
Chr7,725245,725479,234,DUP,YM165_JF109
Chr7,265691,266112,421,DUP,YM165_JF109
Chr7,1226245,1226364,119,DEL,YM165_CDC15
Chr7,1174547,1174701,154,DEL,YM165_CDC15
Chr7,1108000,1108068,68,DEL,YM165_CDC15
Chr7,1023183,1023249,66,DEL,YM165_CDC15
Chr7,954549,954651,102,DEL,YM165_CDC15
Chr7,927000,927084,84,DEL,YM165_CDC15
Chr7,923890,924235,345,DEL,YM165_CDC15
Chr7,716029,716092,63,DEL,YM165_CDC15
Chr7,715132,716609,1477,DEL,YM165_CDC15
Chr7,234650,236499,1849,DEL,YM165_CDC15
Chr7,192078,192176,98,DEL,YM165_CDC15
Chr7,176512,176609,97,DEL,YM165_CDC15
Chr7,923634,924369,735,DUP,YM165_CDC15
Chr7,1241865,NA,NA,BND,YM165_CDC15
Chr7,1227660,NA,NA,BND,YM165_CDC15
Chr7,1186470,NA,NA,BND,YM165_CDC15
Chr7,1186335,NA,NA,BND,YM165_CDC15
Chr7,1169432,NA,NA,BND,YM165_CDC15
Chr7,1157693,NA,NA,BND,YM165_CDC15
Chr7,1157617,NA,NA,BND,YM165_CDC15
Chr7,1157617,NA,NA,BND,YM165_CDC15
Chr7,1157615,NA,NA,BND,YM165_CDC15
Chr7,1082639,NA,NA,BND,YM165_CDC15
Chr7,1046388,NA,NA,BND,YM165_CDC15
Chr7,1043158,NA,NA,BND,YM165_CDC15
Chr7,1043131,NA,NA,BND,YM165_CDC15
Chr7,925551,NA,NA,BND,YM165_CDC15
Chr7,813695,NA,NA,BND,YM165_CDC15
Chr7,782170,NA,NA,BND,YM165_CDC15
Chr7,782033,NA,NA,BND,YM165_CDC15
Chr7,782033,NA,NA,BND,YM165_CDC15
Chr7,781882,NA,NA,BND,YM165_CDC15
Chr7,745376,NA,NA,BND,YM165_CDC15
Chr7,745253,NA,NA,BND,YM165_CDC15
Chr7,716168,NA,NA,BND,YM165_CDC15
Chr7,715607,NA,NA,BND,YM165_CDC15
Chr7,715607,NA,NA,BND,YM165_CDC15
Chr7,715597,NA,NA,BND,YM165_CDC15
Chr7,715449,NA,NA,BND,YM165_CDC15
Chr7,715443,NA,NA,BND,YM165_CDC15
Chr7,715438,NA,NA,BND,YM165_CDC15
Chr7,616614,NA,NA,BND,YM165_CDC15
Chr7,616429,NA,NA,BND,YM165_CDC15
Chr7,616416,NA,NA,BND,YM165_CDC15
Chr7,615604,NA,NA,BND,YM165_CDC15
Chr7,615354,NA,NA,BND,YM165_CDC15
Chr7,615173,NA,NA,BND,YM165_CDC15
Chr7,610993,NA,NA,BND,YM165_CDC15
Chr7,488260,NA,NA,BND,YM165_CDC15
Chr7,418982,NA,NA,BND,YM165_CDC15
Chr7,418211,NA,NA,BND,YM165_CDC15
Chr7,418056,NA,NA,BND,YM165_CDC15
Chr7,417696,NA,NA,BND,YM165_CDC15
Chr7,413722,NA,NA,BND,YM165_CDC15
Chr7,413631,NA,NA,BND,YM165_CDC15
Chr7,410765,NA,NA,BND,YM165_CDC15
Chr7,410008,NA,NA,BND,YM165_CDC15
Chr7,409989,NA,NA,BND,YM165_CDC15
Chr7,409986,NA,NA,BND,YM165_CDC15
Chr7,408013,NA,NA,BND,YM165_CDC15
Chr7,137854,NA,NA,BND,YM165_CDC15
Chr7,137427,NA,NA,BND,YM165_CDC15
Chr7,136887,NA,NA,BND,YM165_CDC15
Chr7,54316,NA,NA,BND,YM165_CDC15
Chr7,54286,NA,NA,BND,YM165_CDC15
Chr7,38788,NA,NA,BND,YM165_CDC15
Chr7,38385,NA,NA,BND,YM165_CDC15
Chr8,1224492,1224867,375,DEL,YM165_CDC15
Chr8,1219479,1219591,112,DEL,YM165_CDC15
Chr8,1191940,1192158,218,DEL,YM165_CDC15
Chr8,1043410,1043460,50,DEL,YM165_CDC15
Chr8,905171,906514,1343,DEL,YM165_CDC15
Chr8,770176,770291,115,DEL,YM165_CDC15
Chr8,459335,459517,182,DEL,YM165_CDC15
Chr8,285538,285637,99,DEL,YM165_CDC15
Chr8,264875,264929,54,INV,YM165_CDC15
Chr8,1232497,NA,NA,BND,YM165_CDC15
Chr8,1231252,NA,NA,BND,YM165_CDC15
Chr8,1230888,NA,NA,BND,YM165_CDC15
Chr8,1230549,NA,NA,BND,YM165_CDC15
Chr8,1230002,NA,NA,BND,YM165_CDC15
Chr8,1220715,NA,NA,BND,YM165_CDC15
Chr8,1216373,NA,NA,BND,YM165_CDC15
Chr8,1214023,NA,NA,BND,YM165_CDC15
Chr8,1213982,NA,NA,BND,YM165_CDC15
Chr8,1213931,NA,NA,BND,YM165_CDC15
Chr8,1213723,NA,NA,BND,YM165_CDC15
Chr8,1213723,NA,NA,BND,YM165_CDC15
Chr8,1213720,NA,NA,BND,YM165_CDC15
Chr8,1213309,NA,NA,BND,YM165_CDC15
Chr8,1213308,NA,NA,BND,YM165_CDC15
Chr8,1212250,NA,NA,BND,YM165_CDC15
Chr8,1211723,NA,NA,BND,YM165_CDC15
Chr8,1196170,NA,NA,BND,YM165_CDC15
Chr8,1195776,NA,NA,BND,YM165_CDC15
Chr8,1178563,NA,NA,BND,YM165_CDC15
Chr8,1158481,NA,NA,BND,YM165_CDC15
Chr8,1136410,NA,NA,BND,YM165_CDC15
Chr8,1136301,NA,NA,BND,YM165_CDC15
Chr8,998787,NA,NA,BND,YM165_CDC15
Chr8,938917,NA,NA,BND,YM165_CDC15
Chr8,938912,NA,NA,BND,YM165_CDC15
Chr8,828054,NA,NA,BND,YM165_CDC15
Chr8,828054,NA,NA,BND,YM165_CDC15
Chr8,827890,NA,NA,BND,YM165_CDC15
Chr8,826008,NA,NA,BND,YM165_CDC15
Chr8,826007,NA,NA,BND,YM165_CDC15
Chr8,824500,NA,NA,BND,YM165_CDC15
Chr8,823784,NA,NA,BND,YM165_CDC15
Chr8,823784,NA,NA,BND,YM165_CDC15
Chr8,819351,NA,NA,BND,YM165_CDC15
Chr8,818818,NA,NA,BND,YM165_CDC15
Chr8,818816,NA,NA,BND,YM165_CDC15
Chr8,818438,NA,NA,BND,YM165_CDC15
Chr8,817721,NA,NA,BND,YM165_CDC15
Chr8,817721,NA,NA,BND,YM165_CDC15
Chr8,816970,NA,NA,BND,YM165_CDC15
Chr8,816970,NA,NA,BND,YM165_CDC15
Chr8,805314,NA,NA,BND,YM165_CDC15
Chr8,805314,NA,NA,BND,YM165_CDC15
Chr8,805311,NA,NA,BND,YM165_CDC15
Chr8,782121,NA,NA,BND,YM165_CDC15
Chr8,768875,NA,NA,BND,YM165_CDC15
Chr8,674077,NA,NA,BND,YM165_CDC15
Chr8,673977,NA,NA,BND,YM165_CDC15
Chr8,673198,NA,NA,BND,YM165_CDC15
Chr8,672859,NA,NA,BND,YM165_CDC15
Chr8,672855,NA,NA,BND,YM165_CDC15
Chr8,672851,NA,NA,BND,YM165_CDC15
Chr8,578372,NA,NA,BND,YM165_CDC15
Chr8,299534,NA,NA,BND,YM165_CDC15
Chr8,299509,NA,NA,BND,YM165_CDC15
Chr8,206646,NA,NA,BND,YM165_CDC15
Chr8,197594,NA,NA,BND,YM165_CDC15
Chr8,197305,NA,NA,BND,YM165_CDC15
Chr8,197194,NA,NA,BND,YM165_CDC15
Chr8,197194,NA,NA,BND,YM165_CDC15
Chr8,196554,NA,NA,BND,YM165_CDC15
Chr8,196436,NA,NA,BND,YM165_CDC15
Chr8,195366,NA,NA,BND,YM165_CDC15
Chr8,13786,NA,NA,BND,YM165_CDC15
Chr8,13353,NA,NA,BND,YM165_CDC15
Chr8,12915,NA,NA,BND,YM165_CDC15
Chr8,12861,NA,NA,BND,YM165_CDC15
Chr8,12654,NA,NA,BND,YM165_CDC15
Chr8,12452,NA,NA,BND,YM165_CDC15
Chr8,12384,NA,NA,BND,YM165_CDC15
Chr8,12225,NA,NA,BND,YM165_CDC15
Chr8,11709,NA,NA,BND,YM165_CDC15
Chr8,11597,NA,NA,BND,YM165_CDC15
Chr8,11256,NA,NA,BND,YM165_CDC15
Chr8,11000,NA,NA,BND,YM165_CDC15
Chr8,10625,NA,NA,BND,YM165_CDC15
Chr8,10437,NA,NA,BND,YM165_CDC15
Chr8,9855,NA,NA,BND,YM165_CDC15
Chr8,9448,NA,NA,BND,YM165_CDC15
Chr9,253757,253854,97,DEL,YM165_CDC15
Chr9,193348,193446,98,DEL,YM165_CDC15
Chr9,117687,117797,110,DEL,YM165_CDC15
Chr9,74162,74236,74,DEL,YM165_CDC15
Chr9,966960,NA,NA,BND,YM165_CDC15
Chr9,965354,NA,NA,BND,YM165_CDC15
Chr9,963381,NA,NA,BND,YM165_CDC15
Chr9,959800,NA,NA,BND,YM165_CDC15
Chr9,959798,NA,NA,BND,YM165_CDC15
Chr9,959798,NA,NA,BND,YM165_CDC15
Chr9,959798,NA,NA,BND,YM165_CDC15
Chr9,959798,NA,NA,BND,YM165_CDC15
Chr9,959798,NA,NA,BND,YM165_CDC15
Chr9,959798,NA,NA,BND,YM165_CDC15
Chr9,959797,NA,NA,BND,YM165_CDC15
Chr9,959797,NA,NA,BND,YM165_CDC15
Chr9,959739,NA,NA,BND,YM165_CDC15
Chr9,959739,NA,NA,BND,YM165_CDC15
Chr9,959736,NA,NA,BND,YM165_CDC15
Chr9,959690,NA,NA,BND,YM165_CDC15
Chr9,959621,NA,NA,BND,YM165_CDC15
Chr9,959621,NA,NA,BND,YM165_CDC15
Chr9,959621,NA,NA,BND,YM165_CDC15
Chr9,959621,NA,NA,BND,YM165_CDC15
Chr9,959619,NA,NA,BND,YM165_CDC15
Chr9,298412,NA,NA,BND,YM165_CDC15
Chr9,242111,NA,NA,BND,YM165_CDC15
Chr9,197943,NA,NA,BND,YM165_CDC15
Chr9,172170,NA,NA,BND,YM165_CDC15
Chr9,168748,NA,NA,BND,YM165_CDC15
Chr9,167879,NA,NA,BND,YM165_CDC15
Chr9,161501,NA,NA,BND,YM165_CDC15
Chr9,161424,NA,NA,BND,YM165_CDC15
Chr9,161418,NA,NA,BND,YM165_CDC15
Chr9,161418,NA,NA,BND,YM165_CDC15
Chr9,161418,NA,NA,BND,YM165_CDC15
Chr9,161418,NA,NA,BND,YM165_CDC15
Chr9,161418,NA,NA,BND,YM165_CDC15
Chr9,161360,NA,NA,BND,YM165_CDC15
Chr9,156020,NA,NA,BND,YM165_CDC15
Chr9,155810,NA,NA,BND,YM165_CDC15
Chr9,115764,NA,NA,BND,YM165_CDC15
Chr9,115617,NA,NA,BND,YM165_CDC15
Chr9,56439,NA,NA,BND,YM165_CDC15
Chr9,55424,NA,NA,BND,YM165_CDC15
Chr9,55195,NA,NA,BND,YM165_CDC15
Chr9,50845,NA,NA,BND,YM165_CDC15
Chr9,38846,NA,NA,BND,YM165_CDC15
Chr9,37617,NA,NA,BND,YM165_CDC15
Chr9,12265,NA,NA,BND,YM165_CDC15
Chr9,11334,NA,NA,BND,YM165_CDC15
Chr9,10895,NA,NA,BND,YM165_CDC15
Chr9,10693,NA,NA,BND,YM165_CDC15
Chr9,10690,NA,NA,BND,YM165_CDC15
Chr9,10480,NA,NA,BND,YM165_CDC15
Chr9,9650,NA,NA,BND,YM165_CDC15
Chr9,9357,NA,NA,BND,YM165_CDC15
Chr9,9071,NA,NA,BND,YM165_CDC15
Chr9,9039,NA,NA,BND,YM165_CDC15
Chr9,7109,NA,NA,BND,YM165_CDC15
Chr9,6508,NA,NA,BND,YM165_CDC15
Chr9,6503,NA,NA,BND,YM165_CDC15
Chr9,6471,NA,NA,BND,YM165_CDC15
Chr9,6466,NA,NA,BND,YM165_CDC15
Chr10,804225,804686,461,DEL,YM165_CDC15
Chr10,732950,733055,105,DEL,YM165_CDC15
Chr10,215530,215585,55,DEL,YM165_CDC15
Chr10,804485,NA,NA,BND,YM165_CDC15
Chr10,804448,NA,NA,BND,YM165_CDC15
Chr10,804329,NA,NA,BND,YM165_CDC15
Chr10,616128,NA,NA,BND,YM165_CDC15
Chr10,616128,NA,NA,BND,YM165_CDC15
Chr10,616087,NA,NA,BND,YM165_CDC15
Chr10,615961,NA,NA,BND,YM165_CDC15
Chr10,543197,NA,NA,BND,YM165_CDC15
Chr10,542880,NA,NA,BND,YM165_CDC15
Chr10,542739,NA,NA,BND,YM165_CDC15
Chr10,532266,NA,NA,BND,YM165_CDC15
Chr10,495307,NA,NA,BND,YM165_CDC15
Chr10,494923,NA,NA,BND,YM165_CDC15
Chr10,409398,NA,NA,BND,YM165_CDC15
Chr10,409397,NA,NA,BND,YM165_CDC15
Chr10,409343,NA,NA,BND,YM165_CDC15
Chr10,409338,NA,NA,BND,YM165_CDC15
Chr10,409320,NA,NA,BND,YM165_CDC15
Chr10,369217,NA,NA,BND,YM165_CDC15
Chr10,369217,NA,NA,BND,YM165_CDC15
Chr10,368216,NA,NA,BND,YM165_CDC15
Chr10,366366,NA,NA,BND,YM165_CDC15
Chr10,366356,NA,NA,BND,YM165_CDC15
Chr10,366068,NA,NA,BND,YM165_CDC15
Chr10,366068,NA,NA,BND,YM165_CDC15
Chr10,366067,NA,NA,BND,YM165_CDC15
Chr10,361916,NA,NA,BND,YM165_CDC15
Chr10,286528,NA,NA,BND,YM165_CDC15
Chr10,286523,NA,NA,BND,YM165_CDC15
Chr10,286523,NA,NA,BND,YM165_CDC15
Chr10,257328,NA,NA,BND,YM165_CDC15
Chr10,237174,NA,NA,BND,YM165_CDC15
Chr10,237028,NA,NA,BND,YM165_CDC15
Chr10,235899,NA,NA,BND,YM165_CDC15
Chr10,235899,NA,NA,BND,YM165_CDC15
Chr10,235899,NA,NA,BND,YM165_CDC15
Chr10,235898,NA,NA,BND,YM165_CDC15
Chr10,235898,NA,NA,BND,YM165_CDC15
Chr10,235898,NA,NA,BND,YM165_CDC15
Chr10,235898,NA,NA,BND,YM165_CDC15
Chr10,235897,NA,NA,BND,YM165_CDC15
Chr10,235897,NA,NA,BND,YM165_CDC15
Chr10,235778,NA,NA,BND,YM165_CDC15
Chr10,235772,NA,NA,BND,YM165_CDC15
Chr10,234509,NA,NA,BND,YM165_CDC15
Chr10,234492,NA,NA,BND,YM165_CDC15
Chr10,234383,NA,NA,BND,YM165_CDC15
Chr10,234259,NA,NA,BND,YM165_CDC15
Chr10,234058,NA,NA,BND,YM165_CDC15
Chr10,233326,NA,NA,BND,YM165_CDC15
Chr10,233264,NA,NA,BND,YM165_CDC15
Chr10,26538,NA,NA,BND,YM165_CDC15
Chr10,26526,NA,NA,BND,YM165_CDC15
Chr10,26241,NA,NA,BND,YM165_CDC15
Chr11,705563,705638,75,DEL,YM165_CDC15
Chr11,703992,704095,103,DEL,YM165_CDC15
Chr11,644504,644676,172,DEL,YM165_CDC15
Chr11,279018,279100,82,DEL,YM165_CDC15
Chr11,61730,61806,76,DEL,YM165_CDC15
Chr11,727207,727437,230,DUP,YM165_CDC15
Chr11,730323,NA,NA,BND,YM165_CDC15
Chr11,730323,NA,NA,BND,YM165_CDC15
Chr11,728835,NA,NA,BND,YM165_CDC15
Chr11,728432,NA,NA,BND,YM165_CDC15
Chr11,728390,NA,NA,BND,YM165_CDC15
Chr11,728311,NA,NA,BND,YM165_CDC15
Chr11,727441,NA,NA,BND,YM165_CDC15
Chr11,723806,NA,NA,BND,YM165_CDC15
Chr11,692248,NA,NA,BND,YM165_CDC15
Chr11,692188,NA,NA,BND,YM165_CDC15
Chr11,691820,NA,NA,BND,YM165_CDC15
Chr11,628483,NA,NA,BND,YM165_CDC15
Chr11,611641,NA,NA,BND,YM165_CDC15
Chr11,611541,NA,NA,BND,YM165_CDC15
Chr11,579588,NA,NA,BND,YM165_CDC15
Chr11,570108,NA,NA,BND,YM165_CDC15
Chr11,570088,NA,NA,BND,YM165_CDC15
Chr11,566616,NA,NA,BND,YM165_CDC15
Chr11,565346,NA,NA,BND,YM165_CDC15
Chr11,558999,NA,NA,BND,YM165_CDC15
Chr11,555796,NA,NA,BND,YM165_CDC15
Chr11,555159,NA,NA,BND,YM165_CDC15
Chr11,400453,NA,NA,BND,YM165_CDC15
Chr11,400376,NA,NA,BND,YM165_CDC15
Chr11,340180,NA,NA,BND,YM165_CDC15
Chr11,340180,NA,NA,BND,YM165_CDC15
Chr11,147220,NA,NA,BND,YM165_CDC15
Chr11,127774,NA,NA,BND,YM165_CDC15
Chr11,115987,NA,NA,BND,YM165_CDC15
Chr11,103747,NA,NA,BND,YM165_CDC15
Chr11,101494,NA,NA,BND,YM165_CDC15
Chr11,101194,NA,NA,BND,YM165_CDC15
Chr11,101139,NA,NA,BND,YM165_CDC15
Chr11,101139,NA,NA,BND,YM165_CDC15
Chr11,101139,NA,NA,BND,YM165_CDC15
Chr11,101139,NA,NA,BND,YM165_CDC15
Chr11,100140,NA,NA,BND,YM165_CDC15
Chr11,99601,NA,NA,BND,YM165_CDC15
Chr11,20831,NA,NA,BND,YM165_CDC15
Chr11,11920,NA,NA,BND,YM165_CDC15
Chr11,11917,NA,NA,BND,YM165_CDC15
Chr11,11120,NA,NA,BND,YM165_CDC15
Chr11,10933,NA,NA,BND,YM165_CDC15
Chr12,517299,517394,95,DEL,YM165_CDC15
Chr12,513196,513273,77,DEL,YM165_CDC15
Chr12,257957,259499,1542,DEL,YM165_CDC15
Chr12,72956,73018,62,DEL,YM165_CDC15
Chr12,663622,NA,NA,BND,YM165_CDC15
Chr12,663463,NA,NA,BND,YM165_CDC15
Chr12,579009,NA,NA,BND,YM165_CDC15
Chr12,578777,NA,NA,BND,YM165_CDC15
Chr12,570855,NA,NA,BND,YM165_CDC15
Chr12,569492,NA,NA,BND,YM165_CDC15
Chr12,569442,NA,NA,BND,YM165_CDC15
Chr12,569441,NA,NA,BND,YM165_CDC15
Chr12,569183,NA,NA,BND,YM165_CDC15
Chr12,569070,NA,NA,BND,YM165_CDC15
Chr12,569070,NA,NA,BND,YM165_CDC15
Chr12,569068,NA,NA,BND,YM165_CDC15
Chr12,566620,NA,NA,BND,YM165_CDC15
Chr12,562072,NA,NA,BND,YM165_CDC15
Chr12,562069,NA,NA,BND,YM165_CDC15
Chr12,560285,NA,NA,BND,YM165_CDC15
Chr12,560283,NA,NA,BND,YM165_CDC15
Chr12,560181,NA,NA,BND,YM165_CDC15
Chr12,559985,NA,NA,BND,YM165_CDC15
Chr12,559839,NA,NA,BND,YM165_CDC15
Chr12,559204,NA,NA,BND,YM165_CDC15
Chr12,559129,NA,NA,BND,YM165_CDC15
Chr12,559128,NA,NA,BND,YM165_CDC15
Chr12,558630,NA,NA,BND,YM165_CDC15
Chr12,558478,NA,NA,BND,YM165_CDC15
Chr12,558080,NA,NA,BND,YM165_CDC15
Chr12,557814,NA,NA,BND,YM165_CDC15
Chr12,377170,NA,NA,BND,YM165_CDC15
Chr12,376355,NA,NA,BND,YM165_CDC15
Chr12,290835,NA,NA,BND,YM165_CDC15
Chr12,145388,NA,NA,BND,YM165_CDC15
Chr12,145384,NA,NA,BND,YM165_CDC15
Chr12,133370,NA,NA,BND,YM165_CDC15
Chr12,116279,NA,NA,BND,YM165_CDC15
Chr12,107845,NA,NA,BND,YM165_CDC15
Chr12,107842,NA,NA,BND,YM165_CDC15
Chr12,88001,NA,NA,BND,YM165_CDC15
Chr12,87982,NA,NA,BND,YM165_CDC15
Chr12,21959,NA,NA,BND,YM165_CDC15
Chr13,618552,618645,93,DEL,YM165_CDC15
Chr13,595816,595961,145,DEL,YM165_CDC15
Chr13,535197,535256,59,DEL,YM165_CDC15
Chr13,335837,335996,159,DEL,YM165_CDC15
Chr13,307070,307245,175,DEL,YM165_CDC15
Chr13,231946,232011,65,DEL,YM165_CDC15
Chr13,230063,230128,65,DEL,YM165_CDC15
Chr13,194622,194697,75,DEL,YM165_CDC15
Chr13,160195,161664,1469,DEL,YM165_CDC15
Chr13,120080,120779,699,DEL,YM165_CDC15
Chr13,39772,39830,58,DEL,YM165_CDC15
Chr13,639401,NA,NA,BND,YM165_CDC15
Chr13,639301,NA,NA,BND,YM165_CDC15
Chr13,639194,NA,NA,BND,YM165_CDC15
Chr13,594635,NA,NA,BND,YM165_CDC15
Chr13,284349,NA,NA,BND,YM165_CDC15
Chr13,190716,NA,NA,BND,YM165_CDC15
Chr13,190619,NA,NA,BND,YM165_CDC15
Chr13,190489,NA,NA,BND,YM165_CDC15
Chr13,190488,NA,NA,BND,YM165_CDC15
Chr13,190087,NA,NA,BND,YM165_CDC15
Chr13,190080,NA,NA,BND,YM165_CDC15
Chr13,146851,NA,NA,BND,YM165_CDC15
Chr13,121099,NA,NA,BND,YM165_CDC15
Chr13,118883,NA,NA,BND,YM165_CDC15
Chr13,118509,NA,NA,BND,YM165_CDC15
Chr13,117637,NA,NA,BND,YM165_CDC15
Chr13,113852,NA,NA,BND,YM165_CDC15
Chr13,113850,NA,NA,BND,YM165_CDC15
Chr13,113581,NA,NA,BND,YM165_CDC15
Chr13,112728,NA,NA,BND,YM165_CDC15
Chr13,112716,NA,NA,BND,YM165_CDC15
Chr13,111578,NA,NA,BND,YM165_CDC15
Chr13,111554,NA,NA,BND,YM165_CDC15
Chr13,111297,NA,NA,BND,YM165_CDC15
Chr13,111287,NA,NA,BND,YM165_CDC15
Chr13,110381,NA,NA,BND,YM165_CDC15
Chr13,109182,NA,NA,BND,YM165_CDC15
Chr13,107813,NA,NA,BND,YM165_CDC15
Chr13,107812,NA,NA,BND,YM165_CDC15
Chr13,107661,NA,NA,BND,YM165_CDC15
Chr13,107660,NA,NA,BND,YM165_CDC15
Chr13,107642,NA,NA,BND,YM165_CDC15
Chr13,107575,NA,NA,BND,YM165_CDC15
Chr13,107574,NA,NA,BND,YM165_CDC15
Chr13,107574,NA,NA,BND,YM165_CDC15
Chr13,107574,NA,NA,BND,YM165_CDC15
Chr13,107571,NA,NA,BND,YM165_CDC15
Chr13,107569,NA,NA,BND,YM165_CDC15
Chr13,107564,NA,NA,BND,YM165_CDC15
Chr13,107563,NA,NA,BND,YM165_CDC15
Chr13,75605,NA,NA,BND,YM165_CDC15
Chr13,30365,NA,NA,BND,YM165_CDC15
Chr13,30365,NA,NA,BND,YM165_CDC15
Chr13,30353,NA,NA,BND,YM165_CDC15
Chr13,20105,NA,NA,BND,YM165_CDC15
Chr13,3083,NA,NA,BND,YM165_CDC15
Chr13,2680,NA,NA,BND,YM165_CDC15
Chr13,2216,NA,NA,BND,YM165_CDC15
Chr13,2029,NA,NA,BND,YM165_CDC15
Chr13,1986,NA,NA,BND,YM165_CDC15
Chr13,1816,NA,NA,BND,YM165_CDC15
Chr13,1514,NA,NA,BND,YM165_CDC15
Chr13,1365,NA,NA,BND,YM165_CDC15
Chr13,854,NA,NA,BND,YM165_CDC15
Chr13,313,NA,NA,BND,YM165_CDC15
Chr13,64,NA,NA,BND,YM165_CDC15
Chr14,440658,441128,470,DEL,YM165_CDC15
Chr14,421177,421253,76,DEL,YM165_CDC15
Chr14,399553,400197,644,DEL,YM165_CDC15
Chr14,351946,355422,3476,DUP,YM165_CDC15
Chr14,515092,NA,NA,BND,YM165_CDC15
Chr14,514522,NA,NA,BND,YM165_CDC15
Chr14,505472,NA,NA,BND,YM165_CDC15
Chr14,505229,NA,NA,BND,YM165_CDC15
Chr14,502652,NA,NA,BND,YM165_CDC15
Chr14,502153,NA,NA,BND,YM165_CDC15
Chr14,501270,NA,NA,BND,YM165_CDC15
Chr14,498076,NA,NA,BND,YM165_CDC15
Chr14,492954,NA,NA,BND,YM165_CDC15
Chr14,492409,NA,NA,BND,YM165_CDC15
Chr14,485764,NA,NA,BND,YM165_CDC15
Chr14,485517,NA,NA,BND,YM165_CDC15
Chr14,485390,NA,NA,BND,YM165_CDC15
Chr14,485318,NA,NA,BND,YM165_CDC15
Chr14,485313,NA,NA,BND,YM165_CDC15
Chr14,484878,NA,NA,BND,YM165_CDC15
Chr14,478788,NA,NA,BND,YM165_CDC15
Chr14,478721,NA,NA,BND,YM165_CDC15
Chr14,478661,NA,NA,BND,YM165_CDC15
Chr14,478414,NA,NA,BND,YM165_CDC15
Chr14,478148,NA,NA,BND,YM165_CDC15
Chr14,477454,NA,NA,BND,YM165_CDC15
Chr14,475781,NA,NA,BND,YM165_CDC15
Chr14,360414,NA,NA,BND,YM165_CDC15
Chr14,351658,NA,NA,BND,YM165_CDC15
Chr14,4915,NA,NA,BND,YM165_CDC15
Chr14,4911,NA,NA,BND,YM165_CDC15
Chr14,4686,NA,NA,BND,YM165_CDC15
Chr14,4504,NA,NA,BND,YM165_CDC15
Chr14,3683,NA,NA,BND,YM165_CDC15
Chr14,3641,NA,NA,BND,YM165_CDC15
MT,2689,2776,87,DUP,YM165_JF109
MT,31165,NA,NA,BND,YM165_CDC15
MT,3657,NA,NA,BND,YM165_CDC15
MT,3519,NA,NA,BND,YM165_CDC15